{
  "total_agents": 200,
  "shared_agents": 100,
  "individual_agents": 100,
  "n_timesteps": 10,
  "currency": "MAD",
  "avg_yield_all": 8.000280171639684,
  "avg_yield_shared": 8.003906712198571,
  "avg_yield_individual": 7.9966536310807985,
  "solara_t_ha": 0.007253081117772453,
  "avg_profit_shared_mad": 141793.12506479752,
  "avg_profit_individual_mad": 86812.39753230996,
  "profit_advantage_shared_mad": 54980.727532487566,
  "avg_profit_per_ha_shared": 26636.909906716963,
  "avg_profit_per_ha_individual": 16418.168132070838,
  "avg_revenue_shared_mad": 178386.73459010807,
  "avg_revenue_individual_mad": 133861.3240648521,
  "avg_cost_shared_mad": 36593.6095253105,
  "avg_cost_individual_mad": 47048.92653254208,
  "profit_cv_shared": 0.24193274077069674,
  "profit_cv_individual": 0.31934035693486373,
  "ttest_t_statistic": 1.9589846634784258,
  "ttest_p_value": 0.0515185859798637,
  "result_significant": false
}