config,strategy,mean_yield,mean_profit,last_yield,last_profit,n_agents
zone_only,SHARED,16.36097243073723,430691.8724507126,15.518725079355804,398466.3414193839,50
zone_only,INDIVIDUAL,6.54320950193528,112303.26169404112,5.807643030976409,97121.99242861262,50
neighbor_only,SHARED,7.419000065982406,192258.97638390653,6.839478346661335,173810.18822277893,50
neighbor_only,INDIVIDUAL,6.54320950193528,112303.26169404112,5.807643030976409,97121.99242861262,50
both,SHARED,16.36097243073723,430691.8724507126,15.518725079355804,398466.3414193839,50
both,INDIVIDUAL,6.54320950193528,112303.26169404112,5.807643030976409,97121.99242861262,50
